{
    "THUMB": {
        "joint1": {
            "measure_noise": [
                5.0
            ],
            "init_angle": 0.0,
            "cov": 2.7712136288995413
        },
        "joint2": {
            "measure_noise": [
                5.220493627250018
            ],
            "init_angle": -24.32757727285193,
            "cov": 2.0660407598836215
        },
        "joint3": {
            "measure_noise": [
                0.0
            ],
            "init_angle": -1.0,
            "cov": 0.0
        }
    },
    "INDEX": {
        "joint1": {
            "measure_noise": [
                6.945612909329564
            ],
            "init_angle": 5.38788099406479,
            "cov": 1.2592438134508852
        },
        "joint2": {
            "measure_noise": [
                6.869040584684272
            ],
            "init_angle": -6.412342580015186,
            "cov": 2.3015550654011774
        },
        "joint3": {
            "measure_noise": [
                5.207725959722737
            ],
            "init_angle": -20.121820384337752,
            "cov": 2.0169783319509795
        }
    },
    "MIDDLE": {
        "joint1": {
            "measure_noise": [
                6.3545796101467085
            ],
            "init_angle": 10.000646890601912,
            "cov": 1.100182903660369
        },
        "joint2": {
            "measure_noise": [
                7.209363022094366
            ],
            "init_angle": -8.391802901192692,
            "cov": 2.402804864684907
        },
        "joint3": {
            "measure_noise": [
                4.3233902296310776
            ],
            "init_angle": -24.911328450677285,
            "cov": 1.6755268024534777
        }
    },
    "RING": {
        "joint1": {
            "measure_noise": [
                5.610926526582791
            ],
            "init_angle": 26.634406737361466,
            "cov": 0.8815677795902732
        },
        "joint2": {
            "measure_noise": [
                5.0
            ],
            "init_angle": -43.58977532499298,
            "cov": 2.5866234575555778
        },
        "joint3": {
            "measure_noise": [
                0.0
            ],
            "init_angle": -2.0,
            "cov": 0.0
        }
    },
    "PINKY": {
        "joint1": {
            "measure_noise": [
                5.272388028668988
            ],
            "init_angle": 25.12876156331949,
            "cov": 0.45625533345801994
        },
        "joint2": {
            "measure_noise": [
                5.0
            ],
            "init_angle": -48.944907423366466,
            "cov": 2.3870663165280774
        },
        "joint3": {
            "measure_noise": [
                0.0
            ],
            "init_angle": -2.0,
            "cov": 0.0
        }
    }
}