{
    "joint1": {
        "measure_noise": 2.623936416321175,
        "init_angle": -4.438964475508956,
        "cov": 2.2763448378028754
    },
    "joint2": {
        "measure_noise": 2.1108852766889057,
        "init_angle": -16.020971368630473,
        "cov": 2.511002044054573
    },
    "joint3": {
        "measure_noise": 52.90600113078575,
        "init_angle": 2.2978111842490248,
        "cov": 2.7288860380569404
    },
    "joint4": {
        "measure_noise": 3.8156158187457283,
        "init_angle": -2.04977752049973,
        "cov": 1.8677209796859944
    },
    "joint5": {
        "measure_noise": 33.737535005649676,
        "init_angle": -5.305725058114505,
        "cov": 21.005768453557884
    },
    "joint6": {
        "measure_noise": 15.407960600304696,
        "init_angle": -0.43907603626450825,
        "cov": 6.500506071934066
    }
}