{
    "measure_noise": [
        8.94659395729053,
        4.8656964987826425,
        5.0757080859840515,
        1.9969701695491449,
        2.2002952199489236,
        -0.3987356515902758,
        4.8656964987826425,
        5.801516059476572,
        12.43829744899138,
        -0.06327480428966008,
        4.674105904069271,
        -0.3605432027996683,
        5.0757080859840515,
        12.43829744899138,
        95.48298682126405,
        -6.684677532924806,
        -6.4854924137935805,
        -2.655107511392614,
        1.9969701695491449,
        -0.06327480428966008,
        -6.684677532924806,
        5.333598265040614,
        -11.4538866165553,
        0.07738093543174707,
        2.2002952199489236,
        4.674105904069271,
        -6.4854924137935805,
        -11.4538866165553,
        545.6158933720909,
        10.783615080383173,
        -0.3987356515902758,
        -0.3605432027996683,
        -2.655107511392614,
        0.07738093543174707,
        10.783615080383173,
        13.795214868423209
    ],
    "filter_state_estimate": [
        -0.5619834710743802,
        14.495216463339085,
        -21.063389394172017,
        4.38744136045756,
        -13.942148760330578,
        -17.625112122213984
    ],
    "cov": [
        0.8482093663911846,
        0.20651019884308972,
        -0.15535804116724844,
        0.7241123327138124,
        -0.6255509641873283,
        -0.03493834345250773,
        0.20651019884308972,
        0.368143610068555,
        -0.07140324410760437,
        0.17745888285888614,
        -0.17783777309528964,
        0.05905061331262655,
        -0.15535804116724844,
        -0.07140324410760437,
        7.2533702871396235,
        1.3087632823779043,
        2.0184165875560462,
        -0.21971578205705278,
        0.7241123327138124,
        0.17745888285888614,
        1.3087632823779043,
        2.542004943148817,
        -0.016556743500326203,
        1.4024617787897529,
        -0.6255509641873283,
        -0.17783777309528964,
        2.0184165875560462,
        -0.016556743500326203,
        5.904958677685939,
        1.4397598200894788,
        -0.03493834345250773,
        0.05905061331262655,
        -0.21971578205705278,
        1.4024617787897529,
        1.4397598200894788,
        2.7254326922446253
    ]
}