{
    "joint1": {
        "measure_noise": 6.741735180055461,
        "init_angle": -4.438964475508956,
        "cov": 0.7413428044532494
    },
    "joint2": {
        "measure_noise": 1.1387293560562217,
        "init_angle": -16.020971368630473,
        "cov": 0.5815730600473648
    },
    "joint3": {
        "measure_noise": 10.5512715572164,
        "init_angle": 2.2978111842490248,
        "cov": 0.6889091986903961
    },
    "joint4": {
        "measure_noise": 3.1160881484363494,
        "init_angle": -2.04977752049973,
        "cov": 2.111783356338099
    },
    "joint5": {
        "measure_noise": 23.614200554016637,
        "init_angle": -5.305725058114505,
        "cov": 41.680349702889146
    },
    "joint6": {
        "measure_noise": 3.158648275301647,
        "init_angle": -0.43907603626450825,
        "cov": 3.7881147111195133
    }
}